name,description,effect,slot,stamina_cost,bonus,group,location,dlc
Furious Blade of Ansbach,"Incantation of Ansbach, Pureblood Knight. Produces a bloodflame blade from the side of the hand, then lunges at enemies to cleave through them. Charge to increase the number of slashes. Markedly different from the finessed swordplay of the dynast, this is an aggressive last resort of an incantation that gave rise to Ansbach's fearsome reputation.",Cleaves through enemies with bloodflame blade summoned from side of the hand,1,21,Blood,Damage,"Complete Sir Ansbach's questline all the way through the end, and side with him when facing Leda, and then Promised Consort Radahn/ Radahn, Consort of Miquella. After the fight is over, Sir Ansbach's body will be near the site of grace, alongside with his equipment and this Incantation. [Map Link]",1
Heal from Afar,"An Erdtree incantation discovered in the realm of shadow. Fires a projectile toward distant allies that greatly restores HP on contact. Even when far beyond, far out of sight, the Erdtree will surely give us its blessing.",Greatly heals HP for distant allies the spell reaches,1,40,Two Fingers,Healing,"This spell can be looted on the ground by the foot of an underground golden tree. It is located in a cave path to the base of the Rauh Ruins, north-northeast of the Moorth Ruins in Scadu Atlus. [Map Link]",1
Aspects of the Crucible: Thorns,"Aspect of the Crucible that manifested in golden hippopotami. Creates a bristling mass of thorn-like fur on the caster's back before scouring the area by rolling around on the ground. Charging increases potency. In an age long past, before this land was enshrouded in shadow, the vitality of the Crucible flourished. Remains of this can be seen in the ancient ruins.",Creates a mass of bristling thorns on back to scour the area,1,29,Erdtree,Damage,Dropped by the Golden Hippopotamus by going up the elevator in the Shadow Keep Main Gate. [Elden Ring Shadow of the Erdtree Map],1
Aspects of the Crucible: Bloom,"Aspect of the Crucible discovered in the ancient ruins. Creates a miranda flower on one's chest before calling down a rain of light. Charging increases potency. In an age long past, before this land was enshrouded in shadow, the vitality of the Crucible flourished.",Creates a miranda flower on chest to summon rain of light,1,20,Erdtree,Damage,Can be found on a corpse near the Giant Miranda Sprout near the Ravine North Site of Grace [Map Link],1
Minor Erdtree,"Secret incantation of Queen Marika. Only the kindness of gold, without Order. Creates a small, illusory Erdtree that continuously restores the HP of nearby allies. Marika bathed the village of her home in gold, knowing full well that there was no one to heal.",Continuously heals allies in the area,2,30,Erdtree,Healing,Located at the Shaman Village in the Scaduview region. The spell can be found in the field of flowers.[Map Link],1
Land of Shadow (Incantation),"Incantation originating from Scadutree avatars. Creates a hail of golden projectiles which are fired toward foes after a brief delay. This incantation channels the force of the Scadutree's power, and its gold is accompanied by shadow.",Fires a hail of golden projectiles toward foes,1,48,Erdtree,Damage,Can be selected as one of the possible rewards when tradingRemembrance of the Shadow Sunflower with Enia at the Roundtable Hold.,1
Wrath from Afar,"An Erdtree incantation discovered in the realm of shadow. Fires a golden shockwave that knocks back nearby foes. Charging increases the size of the shockwave. When the Elden Ring was shattered, the people of the realm of shadow felt it tooand feared it as a sign of the Erdtree's wrath.",Fires a golden shockwave that knocks back foes,1,24,Erdtree,Damage,"Take the elevator at the Storehouse, Loft site of grace in Shadow Keep. Once you are on the upper level, turn left, and turn left again. As soon as you can turn right. Beware of the bat hanging from the ceiling. Reach the other side, and take the ladder up. Turn left and move towards the area in which there is a giant gear (the one that does not have a bat on it), once you are aligned fall down to find the spell behind the column. [Elden Ring Shadow of the Erdtree Map Link]",1
Light of Miquella,"The strength of Miquella upon his deific return, wielded as an incantation. Annihilates foes with a pillar of light. Miquella sought to accept all that was and would be, but found one that refused to be embraced. No wonder, as one god, and one king consort, is all the world needs.",Annihilates foes with a pillar of light,2,60,Miquellan,Damage,Location goes here...,1
Multilayered Ring of Light,"Incantation of those who served Miquella. Produces a multilayered ring of golden light and fires it forwards, inflicting continuous damage on those struck by it. Charging increases potency. This light-ring incantation was cultivated by a tradition separate from Golden Order fundamentalism.",Fires a multilayered golden ring of light that continuously inflicts damage,1,28,Miquellan,Damage,Location goes here...,1
Roar of Rugalea,"An incantation of what is jokingly called ""the bear communion."" Channels the power of Rugalea, the great red bear. Transform oneself into a great red bear and emit a mighty roar. Charging increases potency. An incantation that is more akin to the divine invocation of the hornsent than it is to the Dragon Communion. Only through desperate battle with the feral wild can one discover a god unique to oneself.",Channels great red bear to emit a furious roar,1,35,Bestial,Damage,"Dropped by a large bear northwest of the Ravine North Site of Grace, in the wooded area where there are many large bears. [See Shadow of the Erdtree Map]",1
Knight's Lightning Spear,"One of the incantations of the capital's ancient dragon cult. Summons a lightning spear while also manifesting ancient dragon crests. On throwing the spear, the crests will launch additional spears. Charge to increase the number of crests. An incantation that was taught only to the most accomplished knights, and now a lost art in the Lands Between.",Hurls lightning spear while firing additional spears from ancient dragon crests,1,31,Dragon Cult,Damage,"Scorpion River Catacombs: In the big hall with the set of eyes that inflict deathblight upon you, there is a ledge on the right side which lets you cross to the other side. Run across the ledge while hugging the wall and then go inside the opening behind the set of eyes. You can find the incantation in the room directly in front of you.",1
Dragonbolt of Florissax,"Special incantation of the ancient dragon Florissax. Calls down red lightning to bolster the caster and nearby allies. While enrobed with red lightning, all forms of damage negation (including physical) are increased. This also increases damage negation while guarding as an additional effect. There was a time when the priestess never knew love, and thus never used this incantation herself.",Calls down red lightning to bolster self and nearby allies,1,20,Dragon Cult,Buff,Location goes here...,1
Electrocharge,"One of the incantations of the capital's ancient dragon cult. Calls down lightning to charge the caster's body. While charged, electric shocks will strike the area several times. Charging increases potency. The origin of incantations that bolster the body with lightning, and now a lost art in the Lands Between.",Calls down lightning to charge body with electricity,1,28,Dragon Cult,Damage,Location goes here...,1
Bayle's Tyranny,"One of the greatest Dragon Communion incantations. Harnesses the fearsome power of Bayle the Dread. Channels the form of the dread dragon to emit a mighty roar accompanied by a heatwave burst, causing violent eruptions of fire in the area. Even after being consumed, the throbbing heart of Bayle continues to resist its subjugation, never weakening. One day, the fire within will consume the very body and soul of its Communion devourer. One day.",Channels dread dragon to roar with a heatwave blast,2,72,Dragon Communion,Damage,Heart of Bayle can be used to at the Grand Altar of Dragon Communion to trade for Bayle's Flame Lightning or Bayle's Tyranny. [See Shadow of the Erdtree Map],1
Bayle's Flame Lightning,"One of the greatest Dragon Communion incantations. Harnesses the fearsome power of Bayle the Dread. Channels the form of the dread dragon in right arm to smash foes with an exposed talon bone coursing with flame lightning. Even after being consumed, the throbbing heart of Bayle continues to resist its subjugation, never weakening. One day, the fire within will consume the very body and soul of its Communion devourer. One day.",Channels dread dragon to strike with flame-lightning-infused talon bone,2,35,Dragon Communion,Damage,Heart of Bayle can be used to at the Grand Altar of Dragon Communion to trade for Bayle's Flame Lightning or Bayle's Tyranny. [See Shadow of the Erdtree Map],1
Ghostflame Breath,"One of the incantations of Dragon Communion. Transforms caster into a dragon to spew ghostflame breath. Charging extends duration. The land of spiritgraves is home to all manner of dead, and even the corpses of fallen dragons found their way there. Several of them were endowed with such vivacity that even in death, they could not fully die.",Channels dragon to spew ghostflame breath,1,60,Dragon Communion,Damage,Location goes here...,1
Rotten Butterflies,"Incantation used by Romina, Saint of the Bud. Summons a myriad of butterflies while performing a gentle twirl. The butterflies break apart on contact, scattering rot and setting off a chain reaction. The scarlet butterflies are as the Goddess of Rot's wings. Bereft of a master, they were soothed by Romina, who reached out to them.",Summons countless butterflies to scatter rot,1,50,Servants of Rot,Damage,Can be selected as one of the possible rewards when trading Remembrance of the Saint of the Bud with Enia at the Roundtable Hold.,1
Pest-Thread Spears,"Skill of the pests known as the Kindred of Rot, now wielded as an incantation. Secrete numerous sticky threads, then twist them into two spears launched frontwards. Charge to enhance potency. The pests are abandoned servants, and it is for this reason that they found a mother in the Saint of the Bud.",Secrete sticky threads and twist them into two frontward flying spears,1,29,Servants of Rot,Damage,"From the Church of the Bud, Main Enterance grace, go North back into the cave and down the stairs, then take a right or left (it doesn't matter) and head behind the stairs, the incantation will be directly behind, guarded by one enemy. [Map Link] [Video Link]",1
Midra's Flame of Frenzy,"Incantation in praise of Midra, Lord of Frenzied Flame. Summons an apparition of the Lord's head to spew frenzied flame. This incantation can be used while in motion. The apparition will remain for as long as the input is held. The Lord of Frenzied Flame shall take their torment, despair. Their affliction. Every sin, every curse. All melted away. Yet Midra, like others before him, was too weak to become a Lord.",Summons Lord of Frenzied Flame's head to spew frenzied flame,2,20,Frenzied Flame,Damage,Can be selected as one of the possible rewards when trading Remembrance of the Lord of Frenzied Flame with Enia at the Roundtable Hold.,1
Divine Beast Tornado,"The tempest of the Dancing Lion, wielded as an incantation. A whirlwind-like twist of the body summons a storm, launching a tornado forward. Charging enhances potency. The majority of divine beasts were gored and hung upon Messmer's spears, then burned in his flame. Those who witnessed the deed likened it to a funeral pyre for the tower itself.",Summons a storm that launches a tornado forward,1,20,No,Damage,The Divine Beast Dancing Lion of the North East from the Temple Town Ruins Site of Grace drops this incantation upon defeat. [See Shadow of the Erdtree Map],1
Divine Bird Feathers,"A technique of the divine bird warriors, the very first of all horned warriors, wielded as an incantation. Spread the arms wide like wings to release a flurry of feathers. This incantation can be cast while in motion. Hold to continue releasing feathers. The divine bird warriors, and indeed this technique, are said to bear resemblance to the golden Crucible.",Spreads arms like wings and releases a flurry of feathers,1,3,No,Damage,Location goes here...,1
Fire Serpent,"Incantation of the Fire Knights under Messmer the Impaler's personal command. Launch a serpentine flame that bends and curls in pursuit of its foe. Charging enhances potency. When the flame they received from Messmer would not find purchase within them, the Fire Knights relied on fire incantations to honor their bond.",Launches a threaded serpentine flame,1,22,Messmer Fire,Damage,"Shadow Keep: From the Storehouse site of grace, find the ladder and climb it up, pass the enemies, and move forward until you reach the balcony. You will find the item there. [Map Link]",1
Rain of Fire,"Incantation of Salza, sage of the Fire Knights. Summons a cloud of flame overhead that rains fire for a short time. Charging increases potency. Salza's disdain for barbarism never waned, even as he burned more villages and scorched more land than any other.",Rains fire for a short duration,1,31,Messmer Fire,Damage,"From the West Rampart Site of Grace, take the bridge all the way. Use Torrent to avoid being trapped in the Rain of Fire. Defeat the Fire Knight at the end to obtain this and Salza's Hood. [Map Link]",1
Messmer's Orb,"An incantation of Messmer the Impaler. Summons Messmer's flame to form a giant floating orb. The orb soars toward a foe, crashes into the earth, and explodes after a brief delay. Charging enhances potency. Messmer despised his own fire. Time and time again he hoped to rid himself of it, but ever did it burn.",Shapes Messmer's flame into a giant orb that soars at foe,2,43,Messmer Fire,Damage,Can be selected as one of the possible rewards when trading Remembrance of the Impaler with Enia at the Roundtable Hold,1
Watchful Spirit,"An entreaty received from the Empyrean grandam. Summon a guardian spirit above the caster's head. The spirit never strays far from the caster, conjuring several apparitions before dissipating. ""Take vengeance upon Messmer and his lot. They who betrayed us, aye, they who burned us... Let them face in thy wrath their just deserts.""",Summons a guardian spirit above the caster's head,1,20,Spiral,Damage,"Given by Hornsent Grandam after defeating the Divine Beast Dancing Lion. Talk to her twice with the Divine Beast Head equipped, to receive this incantation. [Map Link]",1
Golden Arcs,"Sorcery of the inquisitors of the tower, wielded as an incantation of the spiral. A swing of the arm releases a procession of golden arcs. Charging enhances potency. The arcs resemble barbs, a known symbol of coercive questioning.",Releases a procession of golden arcs with a swing of the arm,1,20,Spiral,Damage,"Head southeast of Moorth Ruins. From the Shattered Stone Talisman chest, drop down to the nearest platform and continue descending until you reach the ground where three Inquisitors are situated. Defeat them and enter the small building nearby to find this item inside a chest. [Map Link]",1
Giant Golden Arc,"Sorcery of the inquisitors of the tower, wielded as an incantation of the spiral. A swing of the arm releases a giant golden arc. Charging enhances potency. The arc resembles the barb, a known symbol of coercive questioning.",Releases a giant golden arc with a swing of the arm,1,20,Spiral,Damage,Obtained by looting a chest in the Ruins of Unte. The chest is inside a building in a flower area that is only accessible after using a Hefty Furnace Pot and throwing it at the head of the deactivated Furnace Golem that blocks the entrance so that it moves away. [Elden Ring Map],1
Spira,"Superior sorcery of the tower priests, wielded as an incantation of the spiral. Wrap one's arms together and hold them up to the heavens to summon a spiral of light that erupts at the enemy's feet. Column of light persists for as long as the button is pressed. The spiral is a normalized Crucible current that, one day, will form a column that stretches to the gods.",Summons a spiral of light that erupts at the enemy's feet,2,14,Spiral,Damage,"Past the impenetrable thorns at the end of Belurat, Tower Settlement. It would be on a small altar that is directly in front of statue. [Map Link]",1
Agheel's Flame,"Superior incantation of Dragon Communion.Channels the power of the flying dragon Agheel. Transforms caster into a dragon to spew flaming breath from above.Charging extends duration. This incantation can be used while jumping. The dead gazed at the skies over the lakes of Limgrave, praying that the dragons' flames would burn them to ash.",Spews flame breath of Agheel from above,1,60,Dragon Communion,Damage,Can be purchased at the Dragon Communion Altar at the Cathedral of Dragon Communion in Caelid for 2 Dragon Hearts. Players need to defeat Flying Dragon Agheel in order to unlock this Incantation.,0
Ancient Dragons' Lightning Spear,"A secret incantation of the capital's ancient dragon cult. Creates a spear of red lightning and stabs it into the ground from above. On impact, the spear will burst into trails of lightning covering the area. Spoken of in legend, red lightning is the weapon wielded by the ancient dragons. Note:",Stabs with red lightning spear from above,1,41,Dragon Cult,Damage,"Purchase from Brother Corhyn or Miriel, Pastor of Vows after giving either the Ancient Dragon Prayerbook for 8,500 Runes.",0
Ancient Dragons' Lightning Strike,"A secret incantation of the capital's ancient dragon cult. Summons a red bolt of lightning that scatters and spreads around the surrounding area. Charging enhances the range of the lightning bolt. Spoken of in legend, red lightning is the weapon wielded by the ancient dragons.",Summons red lightning that spreads from impact,1,31,Dragon Cult,Damage,"Purchase from Brother Corhyn or Miriel, Pastor of Vows after giving either the Ancient Dragon Prayerbook for 10,000 Runes.",0
Aspects of the Crucible: Breath,"One of the ancient Erdtree incantations. Creates a throat pouch on the caster's neck, allowing them to spew fiery breath while walking. Charging increases duration of the breath. This is a manifestation of the Erdtree's primal vital energies - an Aspects of the primordial crucible, where all life was once blended together.",Creates throat pouch to spew fire while walking,1,40,Erdtree Ancient,Damage,Obtained from Tanith's Crucible Knight invasion after attacking Tanith inside Rykard's boss room.,0
Aspects of the Crucible: Horns,"One of the ancient Erdtree incantations. Creates a mighty horn on the caster's shoulder to gore foes from a low stance. Charging allows the caster to barrel into foes before delivering the final attack. This is a manifestation of the Erdtree's primal vital energies - an aspect of the primordial crucible, where all life was once blended together. NOTE:",Creates shoulder horn to gore foes form low stance,1,49,Erdtree Ancient,Damage,"Obtained by defeating Crucible Knight in Stormveil Castle. To reach the Knight you must drop down a series of ledges to the left, outside of Rampart Tower grace.",0
Aspects of the Crucible: Tail,"One of the ancient Erdtree incantations. Creates a supple tail that sweeps through foes before the caster.Charging enhances potency. This is a manifestation of the Erdtree's primal vital energies - anaspect of the primordial crucible, where all life was once blendedtogether. NOTE:",Creates supple tail to sweep area before caster,1,42,Erdtree Ancient,Damage,Obtained by defeating Crucible Knight at the Stormhill Evergaol,0
Assassin's Approach,"Incantation of the Two Fingers' servants, who once served as the assassins of the Roundtable Hold. Completely silences the footsteps of the caster. Additionally, reduces fall damage and the sound produced by falling. This incantation can be cast while in motion or crouching. The assassins were charged with eliminating Tarnished who had strayed from guidance. NOTE:","Silences footsteps, reduces fall damage/ sound",1,13,Two Fingers,Buff,"Starting Incantation for the Confessor ClassPurchase from Brother Corhyn or Miriel, Pastor of Vows after giving either the Assassin's Prayerbook for 2,000 Runes.",0
Barrier of Gold,"One of the incantations of Erdtree Worship. Greatly increases magic damage negation for the caster and nearby allies. Hold to continue praying and delay activation. This incantation was used by the champions of the Erdtree in the First and the Second Liurnian Wars, during which the red-haired Radagon joined the heroes' ranks",Greatly increases magic damage negation for self & allies,1,13,Erdtree,Buff,"Dropped by an invisible Teardrop Scarab in Leyndell, Royal Capital, near where you fight Godfrey, First Elden Lord (Golden Shade). Can be found after heading down the stairs and taking the elevator, right after the fight with Godfrey, First Elden Lord. Elden Ring Interactive Map Link",0
Beast Claw,"Incantation taught by Gurranq, the Beast Clergyman. Creates beast claws that rend the land with shockwaves.Charging enhances potency. This incantation represents the fury of Gurranq, his bestial nature returned, as much as it does his restless agitation. Notes:",Creates claws that tear through the land.,1,27,Bestial,Damage,"Bestial Sanctum: Reward from Gurranq, Beast Clergyman after giving him the fifth Deathroot. Map Link.",0
Bestial Constitution,"Incantation taught by Gurranq, the Beast Clergyman. Fills the body with bestial vigor, alleviating buildup of frost and blood loss. Having gained intelligence, the beasts must have felt how their wildness slipped away as civilization took hold.",Alleviates blood loss and frost buildup,1,10,Bestial,Healing,"Found by killing a golden scarab along the cliffside North East of the Minor Erdtree in Caelid, close to the bridge to the Bestial Sanctum.",0
Bestial Sling,"Incantation taught by Gurranq, the Beast Clergyman.Swiftly flings a number of sharp rock shards.This incantation can be cast without delay after performing another action. It is said that in the time before the Erdtree, stones were the firstweapons of the beasts who had gained intelligence. deals x% of your incant scaling in damage (INFORMATION NEEDED)",Swiftly flings numerous sharp rock shards,1,19,Bestial,Damage,"Bestial Sanctum: Reward from Gurranq, Beast Clergyman after giving him the first Deathroot.",0
Bestial Vitality,"Incantation taught by Gurranq, the Beast Clergyman. Fills the body with bestial vigor, restoring HP over a period of time. Having gained intelligence, the beasts must have felt how their wildness slipped away as civilization took hold. cost",Heals HP over a period of time,1,10,Bestial,Buff,"Bestial Sanctum: Reward from Gurranq, Beast Clergyman after giving him the third Deathroot",0
Black Blade,"Power gleaned from the remembrance of Maliketh. Caster creates an illusory black blade, then leaps forward to deliver a spinning slash that emits a wave of light. This can be followed up with one additional attack. This blade was once imbued with Destined Death. In addition to dealing damage, it reduces foes' maximum HP and continues to sap their current HP for a very short time.",Black blade spinning slash that emits wave of light,2,44,Erdtree,Damage,Trade Remembrance of the Black Blade with Enia at Roundtable Hold.,0
Black Flame,A black flame incantation of the Godskin Apostles. Throws a ball of raging black fire. Charging enhances potency and causes the fireball to explode. Black flame is weighty. After dealing damage it continues to sap foes' HP for a very short time. NOTE:,Throws a ball of raging black fire,1,25,Godskin Apostle,Damage,"This incantation is unlocked for purchase after giving a Godskin Prayerbook to Brother Corhyn or Miriel, Pastor of Vows for 7,500 Runes.",0
Black Flame Blade,A black flame incantation of the Godskin Apostles. Engulfs armament held in the right hand with black flame. This incantation can be cast without delay after performing another action. Black flame is weighty. After dealing damage it continues to sap foes' HP for a very short time.,Enchants right-hand armament with black flame,1,10,Godskin Apostle,Buff,"This incantation is unlocked for purchase after giving a Godskin Prayerbook to Brother Corhyn or Miriel, Pastor of Vows for 6,00 Runes.",0
Black Flame Ritual,Superior black flame incantation of the Godskin Apostles. Summons a circle of black flame pillars around the caster. Charging increases the size of the circle. The Gloam-Eyed Queen led the apostles. It is said that she was an Empyrean chosen by the Fingers.,Summons circle of black flame pillars around caster.,1,39,Godskin Apostle,Damage,Dropped by Godskin Apostle and Godskin Noble boss fight in Spiritcaller's Cave.,0
Black Flame's Protection,"A black flame incantation of the Godskin Apostles. Summons black fire within, increasing physical damage negation. However, sacred flasks and other such forms of HP restoration are impaired. The Apostles were all embraced by the Gloam-Eyed Queen, and the black flame was their armor within.",Increases physical damage negation,1,13,Godskin Apostle,Buff,"Received from Gideon Ofnir, after reaching Miquella's Haligtree.Purchasable at Twin Maiden Husks after defeating Maliketh, the Black Blade.",0
Blessing of the Erdtree,"One of the ancient Erdtree incantations Grants a greater blessing to the caster and nearby allies, gradually restoring a large amount of HP.Hold to continue praying and delay activation. The Erdtree once flourished with abundance- yet it was only for a fleeting moment. Such is the course of all life.",Grants greater blessing to self and nearby allies,1,50,Erdtree,Buff,Found at Queens Bedchamber in Leyndell Royal Capital. [Map Link],0
Blessing's Boon,"One of the ancient Erdtree incantations. Grants a blessing to the caster and nearby allies, gradually restoring HP.Hold to continue praying and delay activation. Blessings once fell like tears from the Erdtree, and this incantation is but a lingering remnant of their power.",Grants blessing to self and nearby allies,1,30,Erdtree,Buff,"Can be purchased from Miriel, Pastor of Vows at the Church of Vows for 4,000 Runes.",0
Bloodboon,"Sacred incantation of Mohg, Lord of Blood. Thrust arm into the body of the Formless Mother, then scatter the bloodflame to set the area ablaze. This incantation can be cast while in motion. The mother of truth craves wounds. When Mohg stood before her, deep underground, his accursed blood erupted with fire, and besotted with the defilement that he was born into. NOTE:",Scatters bloodflame before caster to set area aflame.,1,34,Blood,Damage,Trade Remembrance of the Blood Lord with Enia at Roundtable Hold.,0
Bloodflame Blade,"A Blood Oath incantation, granted by the Lord of Blood. Engulfs armament held in the right hand with bloodflame.This incantation can be cast while in motion. After dealing damage, bloodflame continues to build up onset of blood loss for a very short time.",Enchants right-hand armament with bloodflame,1,10,Blood,Buff,"Liurnia of the Lakes: Dropped by a Teardrop Scarab in the marshes near the Rose Church, southwest of the lake. [Map Link] (Note that there is another scarab in this area that does not drop anything)",0
Bloodflame Talons,"A Blood Oath incantation, granted by the Lord of Blood. Creates bloodflame lacerations before the caster, which explode in an instant. This incantation can be cast repeatedly. After dealing damage, bloodflame continues to build up onset of blood loss for a very short time. will NOTE:",Creates bloodflame lacerations that then explode,1,21,Blood,Buff,Dropped by Mohg. the Omen in Forsaken Depths under the Capital.,0
Borealis's Mist,"Superior incantation of Dragon Communion. Channels the power of Borealis, the Freezing Fog. Transforms caster into a dragon to spew icy breath from above. Charging extends the duration. This incantation can be cast while jumping. The ice dragons were once lords of the mountaintops long ago, until they were defeated by the Fire Giants and chased from the peak.",Spews icy breath of Borealis from above,1,60,Dragon Communion,Damage,Can be purchased at the Dragon Communion Altar at the Cathedral of Dragon Communion. Players need to defeat Borealis the Freezing Fog in order to unlock this Incantation.,0
"Burn, O Flame!","One of the incantations that draws directly from the power of the Fire Giants. Raises a series of flame pillars around the caster. Charging further increases the number of flame pillars. The Fire Giants borrowed from the power of a fell god, and still they were defeated. Yet their failure released them from their solitary curse: to serve as keepers of the Flame for eternity. Note:",Raises a series of flame pillars around caster,1,36,Fire Giant,Damage,Trade Remembrance of the Fire Giant with Enia at Roundtable Hold.,0
Catch Flame,Incantation originating from a sinister prophecy. Momentarily sparks flame from the caster's hand. This incantation can be cast without delay after performing another action. The flame of ruin is anathema to the Erdtree. But prophets sometimes glimpse it within the faith all the same. Sadly when this occurs their sole reward is banishment.,Momentarily sparks flame from hand,1,17,Fire Monk,Damage,Starting equipment for the Prophet ClassPurchase from Brother Corhyn.,0
Cure Poison,"Incantation of the Two Fingers' faithful. Alleviates poison buildup and cures poison. This incantation can be cast while in motion. The Two Fingers has high hopes for the Tarnished; that even if they should be wounded, even should they fall, they will continue to fight for their duty.",Cures poison ailment and reduces poison build-up.,1,10,Two Fingers,Healing,"Sold by Brother Corhyn at the Roundtable Hold for 1,000 Runes.",0
Darkness,"Incantation of the Two Fingers' servants, who once served as the assassins of the Roundtable Hold. Creates a veil of darkness that conceals the caster.This incantation can be cast while in motion or crouching. The assassins were themselves once Tarnished who had strayed from guidance, and they pursued their duty in the darkness that is without grace. Note:",Creates area of darkness that conceals caster,1,24,Two Fingers,Buff,"Purchase from Brother Corhyn or Miriel, Pastor of Vows after giving either the Assassin's Prayerbook for 3,500 Runes.",0
Death Lightning,"Incantation that channels the power of the ancient dragon Fortissax, now corrupted by Death. Strikes surroundings with a storm of Death lightning. Inflicts Death blight upon foes. Charging extends duration of the storm. It is said that this golden lightning was wielded by Godwyn, who befriended Fortissax. NOTE:",Strikes surroundings with storm of death lightning,2,32,Dragon Cult,Damage,Trade Remembrance of the Lichdragon with Enia at Roundtable Hold.,0
Discus of Light,"One of the incantations of the Golden Order fundamentalists. Produces a ring of light and fires it forwards. The ring of light returns to a position close to the caster before disappearing. This incantation can be cast repeatedly. A gift from the young Miquella to his father, Radagon. Note: Updated to patch 1.07. See Patch Notes for details. used on larger enemies used while on horseback",Fires ring of light before the caster,1,20,Golden Order,Damage,"Purchase from Brother Corhyn for 11,000 Runes after he moves to Goldmask's location at Altus Plateau.",0
Divine Fortification,"Incantation of the Two Fingers' faithful. Increases holy damage negation.This incantation can be cast while in motion. Follow the path that has been set for you, and you will make enemies of all others: the monks, the sorcerers, the ancient dragon knights and the scions of gold. Heed me the Lands Between offers no welcome to the Tarnished.",Increases holy damage negation,1,13,Two Fingers,Buff,Weeping Peninsula: Dropped by a Teardrop Scarab atop a collapsed stone structure overgrown with yellow moss. This structure is found a short distance southwest of the Tombsward Ruins.,0
Dragonbolt Blessing,"Superior incantation of the capital's ancient dragon cult. Summons lightning to bolster the caster's body. Attacks become easier to deflect and resistance to all ailments is increased. However, lightning damage negation will be reduced. Only those loved by dragons can survive the ordeal of cladding their bodies in lightning.",Bolsters caster's body with lightning,1,20,Dragon Cult,Buff,"Found at Stormcaller Church, inside a chest that's against a wall. [Map Link]",0
Dragonclaw,One of the incantations of Dragon Communion. Transforms caster into a dragon to tear through foes with dragon claws. Allows one follow-up attack. Incantation of those who have hunted dragons and feasted upon their hearts. This is a pure and overwhelming power.,Channels dragon to rend foes with dragon claws,1,50,Dragon Communion,Damage,Found on the island with the Church of Dragon Communion. You need 1 Dragon Heart in order to acquire it.,0
Dragonfire,One of the incantations of Dragon Communion. Transforms caster into a dragon to spew flaming breath. Charging extends duration. Incantation of those who have hunted dragons and feasted upon their hearts. Theirs is a pure and overwhelming power.,Channels dragon to spew flame breath,1,40,Dragon Communion,Damage,Found on the island with the Church of Dragon Communion. You need 1 Dragon Heart in order to acquire it.,0
Dragonice,One of the incantations of Dragon Communion. Transforms caster into a dragon to spew icy breath.Charging extends duration. Those extraordinary individuals who perpetuate DragonCommunion are called the dragon-hearted.,Channels dragon to spew icy breath,1,48,Dragon Communion,Damage,Can be purchased at the Dragon Communion Altar at the Cathedral of Dragon Communion for 1 Dragon Heart.,0
Dragonmaw,One of the incantations of Dragon Communion. Transforms caster into a dragon to bite enemies before them. Incantations of those who have hunted dragons and feasted upon their hearts. Theirs is a pure and overwhelming power. Note: either,Channels dragon to bite foes before caster,1,72,Dragon Communion,Damage,Found on the island with the Church of Dragon Communion. You need 1 Dragon Heart in order to acquire it. Map Link.Can be purchased at the Dragon Communion Altar at the Cathedral of Dragon Communion for 1 Dragon Heart.,0
Ekzykes's Decay,"Superior incantation of Dragon Communion.Channels the power of Ekzykes, the Decaying. Transforms caster into a dragon to spew scarlet rot breath from above.Charging extends duration. This incantation can be cast while jumping. Ekzykes, Dragon Communion Revenger, did not forget his hatred even as he succumbed to the scarlet rot. NOTE",Spews scarlet rot breath of Ekzykes from above,1,60,Dragon Communion,Damage,Can be purchased at the Dragon Communion Altar at the Cathedral of Dragon Communion for 2 Dragon Hearts.,0
Elden Stars,"This legendary incantation is the most ancient of those that derive from the Erdtree. Creates a stream of golden shooting stars that assail the area. It is said that long ago, the Greater Will sent a golden star bearing a beast into the Lands Between, which would later become the Elden Ring. NOTE:",Creates a steam of golden shooting stars that assail the area.,2,48,Erdtree,Damage,"From the Great Waterfall Crest until you find a pack of Giant Ants. Follow the roots and head inside the cave, you'll find Elden Stars inside.",0
Electrify Armament,"One of the incantations of the capital's ancient dragon cult. Enchants armament held in the right hand with lightning-affinity attacks. Long ago, Godwyn the Golden defeated the ancient dragon Fortissax, and befriended his fallen foe an event that gave rise to the ancient dragon cult in the capital.",Enchants right-hand armament with lightning damage,1,10,Dragon Cult,Buff,"Purchase from Brother Corhyn or Miriel, Pastor of Vows after giving either the Dragon Cult Prayerbook for 4,000 Runes.",0
Erdtree Heal,One of the ancient Erdtree incantations. Heals a vast amount of HP for the caster and nearby allies. Hold to continue praying and delay activation. The Erdtree once flourished with abundance - yet it was only for a fleeting moment. Such is the course of all life.,Vastly heals HP for self and nearby allies,1,50,Erdtree,Healing,"Can be found in Queen's Bedchamber in Leyndell, Ashen Capital",0
Fire's Deadly Sin,"Incantation originating from a deeply ominous prophecy. Sets both the caster and the surrounding area ablaze with raging flames. The caster's body will remain engulfed in flame for a while, burning them and any who draw near. Charging enhances potency. The prophet despaired, looking up at the Erdtree, for soon the kindling would burst into flame, bringing ruin. ""The burning of the Erdtree is the first cardinal sin. That is not the domain of mere men.""",Sets area and self ablaze with raging flames,1,28,No,Damage,"Reward from completing the ""Flightless Bird"" painting puzzle.",0
Flame Fortification,"Incantation of the Two Fingers' faithful. Increases fire damage negation. This incantation can be cast while in motion. Follow the path that has been set for you, and you will make enemies of all others: the monks, the sorcerers, the ancient dragon knights, and the scions of gold. Heed me the Lands Between offers no welcome to the Tarnished.",Increases fire damage negation,1,13,Two Fingers,Buff,"Purchase from Brother Corhyn for 3,000 Runes.",0
Flame Sling,Incantiation originating from a sinister prophecy. Throws a ball of raging fire. Charging enhances potency and causes the ball of fire to explode. The flame of ruin is anathema to the Erdtree. But prophets sometimes glimpse it within the faith all the same. Sadly when this occurs their sole reward is banishment. Note:,Throws balls of raging fire,1,22,Fire Monk,Damage,Sold by Brother Corhyn at the Roundtable Hold for 800 Runes.,0
Flame of the Fell God,"This legendary incantation is one of several that draws directlyfrom the power of the Fire Giants.Releases a ball of raging fire said to be inhabited by a fell god. Thefireball floats toward enemies and explodes, setting the areaablaze.Arghanthy, the chief guardian of the Flame, had kept this incantation a well-kept secret until it was stolen by Adan. The fell god still lurks within the Fire Giants. Note:",Summons raging fireball that explodes and sets the area ablaze,2,42,Fire Giant,Damage,"Liurnia of the Lakes: Dropped by Adan, Thief of Fire upon defeat. [Map Link]",0
"Flame, Cleanse Me",One of the incantations of the Fire Monks.Creates a fire within that burns away toxins.Alleviates poison and scarlet rot buildup and cures these ailments.This incantation leaves the caster with subtle burns - a reminderthat they must fear the flame.,Alleviates buildup and cures both poison and scarlet rot,1,10,Fire Monk,Healing,Held by one of the corpses at the Fire Monk camp.,0
"Flame, Fall Upon Them",One of the incantations that draws directly from the power of the Fire Giants. Hurls several balls of fire at once. Charging enhances potency and causes the balls offire to explode. There is no record of this incantation in common prayerbooks. Only a select few prelates know of its existence. Notes:,Hurls several balls of fire at once,1,40,Fire Giant,Damage,"Purchase from Brother Corhyn or Miriel, Pastor of Vows after giving them the Giant's Prayerbook for 10,000 Runes.",0
"Flame, Grant me Strength","Superior incantation of the Fire Monks. Creates an invigorating fire within that enhances physical and fire-affinity attack power. This incantation does not burn the caster, and so it is considered forbidden by the guardians of the Flame.",Raises physical and fire-affinity attack power,1,16,Fire Monk,Buff,"Found behind Fort Gael, on a body between two flame carts",0
"Flame, Protect Me","The most ancient of the Fire Monks' incantations. Creates a fire within that greatly increases fire damage negation. It is said that this incantation was used during the War against the Giants long ago, during which it protected the champions of the Erdtree.",Greatly increases fire damage negation,1,20,Fire Monk,Buff,Found Behind the double Stone-Key fog door in Giant-Conquering Hero's Grave,0
Fortissax's Lightning Spear,"Incantation that channels the power of the ancient dragon Fortissax. creates two spears of red lightning and stabs them into the ground from above, one after another. On impact, each spear will burst into trails of lightning covering the area. During the War of the Anicent Dragons, these twin red lightning stakes were the hallmark of the ancient dragon who was once called the mightiest boulderstone. Notes:",Stabs from above with two red lightning spears in tandem,1,52,Dragon Cult,Damage,Trade Remembrance of the Lichdragon with Enia at Roundtable Hold.,0
Frenzied Burst,"Incantations originating from the maddening Three Fingers. Releases concentrated blasts of the yellow flame of frenzy from the caster's eyes. Charging enhances potency, enabling the blasts to penetrate the enemy's guard. In times past, every single person who attempted to control the flame of frenzy succumbed to madness after a desperate internal struggle. This incantation is testament to a meager victory. Note:",Emits concentrated blast of yellow flame of frenzy from eyes,1,33,Frenzied Flame,Damage,Dropped by a Teardrop Scarab in the Liurnia of the Lakes region. [Map Link],0
Frozen Lightning Spear,"Incantation that channels the power of the Dragonkin Soldiers.Creates a spear of ice lightning and stabs it into the ground fromabove. On impact, the spear will burst into trails of lightning advancing forwards.The Dragonkin were born in the Eternal City, where they knewno true sky, nor true lightning. Instead, ice lightning was theirweapon. Note:",Stabs with ice lightning spear from above,1,45,Dragon Cult,Damage,Dropped by Dragonkin Soldier of Nokstella,0
Giantsflame Take Thee,One of the incantations that draws directly from the power of the Fire Giants. Hurls a massive ball of raging fire. Charging enhances potency and causes the ball of fire to explode. There is no record of this incantation in common prayerbooks. Only a select few prelates know of its existence. NOTE:,Hurls massive ball of raging fire,2,43,Fire Giant,Damage,"Purchase from Brother Corhyn or Miriel, Pastor of Vows after giving them the Giant's Prayerbook for 13,000 Runes.",0
Glintstone Breath,One of the incantations of Dragon Communion. Transforms caster into a dragon to spew magic breath.Charging extends duration. Those extraordinary individuals who perpetuate DragonCommunion are called the dragon-hearted.,Channels dragon to spew magic breath,1,40,Dragon Communion,Damage,Can be purchased at the Dragon Communion Altar at the Cathedral of Dragon Communion for 1 Dragon Heart,0
Golden Lightning Fortification,"An incantation of Erdtree Worship. Greatly increases lightning damage negation for the caster and nearby allies. Hold to continue praying, delaying the effect. This incantation was used by the knights of the Erdtree during the assault by the great ancient dragon Gransax, and the bitter War of the Ancient Dragons that followed.",Greatly increases lightning damage negation for self and allies,1,20,Erdtree,Buff,Crumbling Farum Azula: Dropped by a Teardrop Scarab found by the cliffs south of the fountain plaza. This area is located in the upper level after ascending the Dragon Temple Lift.,0
Golden Vow,"An incantation of Erdtree Worship. Increases attack power and defense for the caster and nearby allies. Hold to continue praying and delay activation. This incantation has been taught to knights of the royal capital for generations, and knights sent on distant expeditions lean on it as a source of courage.",Increases attack and defense for self and allies,1,50,Erdtree,Buff,"Corpse-Stench Shack, in Mt Gelmir",0
Great Heal,"Superior incantation of the Two Fingers' faithful. Greatly heals HP for the caster and nearby allies. Hold to continue praying and delay activation. The Two Fingers has high hopes for the Tarnished; that even if they should be wounded, even should they fall, they will continue to fight for their duty.",Greatly Heals HP for self and nearby allies,1,40,Two Fingers,Healing,"Sold by Brother Corhyn for 9,000 Runes after he moves to Altus Plateau.",0
Greyoll's Roar,"Superior incantation of Dragon Communion.Channels the power of Greyoll, the Elder Dragon.An incantation of legendary status. Transforms caster into a dragon to emit a terrible roar, reducing the attack power and defense of nearby enemies. Greyoll was the mother of all dragons, dwarfing all who stood before her like a looming mountain.",Emits the roar of Elder Dragon Greyoll,2,80,Dragon Communion,Damage,Can be purchased at the Dragon Communion Altar at the Cathedral of Dragon Communion for Dragon Heart. You need to defeat Greyoll in order to unlock this Incantation.,0
Gurranq's Beast Claw,"Superior incantation taught by Gurranq, the Beast Clergyman. Creates beast claws that rend surroundings with shockwaves. Long ago, Gurranq was a beast of such terrifying ferocity that his former name meant ""Death of the Demigods."" Notes:",Creates beast claws to rend surroundings with shockwaves,1,42,Bestial,Damage,"Bestial Sanctum: Reward from Gurranq, Beast Clergyman after giving him the eighth Deathroot.",0
Heal,"Incantation of the Two Fingers' faithful. Heals HP for the caster and nearby allies.Hold to continue praying and delay activation. The Two Fingers has high hopes for the Tarnished; that even if they should be wounded, even should they fall, they will continue to fight for their duty.",Heals HP for you and nearby allies.,1,35,Two Fingers,Healing,"Starting equipment for the Prophet ClassPurchase from Brother Corhyn at Roundtable Hold for 1,500 Runes.",0
Honed Bolt,"One of the incantations of the capital's ancient dragon cult. Summons a bolt of lightning to strike foes from above.This incantation can be cast repeatedly. Long ago, Godwyn the Golden defeated the ancient dragon Fortissax, and befriended his fallen foe an event that gave rise to the ancient dragon cult in the capital.",Strikes foe with lightning bolt from above,1,29,Dragon Cult,Damage,"Purchase from Brother Corhyn or Miriel, Pastor of Vows after giving either the Dragon Cult Prayerbook for 7,000 Runes.",0
Howl of Shabriri,"Incantation originating from the maddening Three Fingers. Releases a maddening shriek that causes madness buildup in foes nearby. This incantation also causes madness buildup in the caster and makes enemies more likely to target them. It is said that the sickness of the flame of frenzy began with Shabriri, the most reviled man in all history.","Shrieks, building up madness in nearby foes",1,38,Frenzied Flame,Damage,A stone tower named Frenzy-Flaming Tower between the Great Lift of Dectus and the Frenzied Flame Village. [Map Link],0
Immutable Shield,"One of the incantations of the Golden Order fundamentalists. Enchants shield held in the left hand with the light of regression, increasing all forms of non-physical damage negation and ailment resistance. Two concepts form the basis for Golden Order fundamentalism. One is the law of regression, to which this incantation relates.",Increases left-hand shield's affinity/ailment resistance,1,10,Golden Order,Buff,"Purchasable from Brother Corhyn as part of his quest to the west of the Erdtree Sanctuary at the Colosseum overlooking Leyndell for 13,000 Runes.",0
Inescapable Frenzy,"Incantation originating from the maddening Three Fingers. Causes the yellow flame of frenzy to blaze from the caster's eyes. The caster then latches onto foes, spreading the madness. This incantation also causes buildup of madness in the caster, and is only effective against Tarnished. To gaze into one another's eyes is truly the most intimate form of human contact. Note: Note: Note:",Latches onto foes to spread madness,1,31,Frenzied Flame,Damage,"Located in Subterranean Shunning-Grounds at Cathedral of the Forsaken Site of Grace just after Mohg, the Omen boss fight; behind the altar in the boss is a hidden path. At the end of the hidden path are a series of drops, and Inescapable Frenzy is towards the very bottom path.",0
Lansseax's Glaive,Incantation that channels the power of the ancient dragon Lansseax. Creates a red-lightning glaive and sweeps the area from above.This attack unleashes trails of lightning. Lansseax was the sister of Fortissax. It is said that she took the form of a human to commune with the knights as a priestess of the ancient dragon cult. Note:,Sweeps from above with red lightning glaive,1,55,Dragon Cult,Damage,Dropped by Ancient Dragon Lansseax,0
Law of Causality,One of the incantations of the Golden Order fundamentalists. One of the key fundamentals. Manifests a small ring of causality within that allows the caster to automatically retaliate upon receiving a certain number of blows. The fundamentalists describe the Golden Order through the powers of regression and causality. Causality is the pull between meanings; that which links all things in a chain of relation . NOTE:,Retaliates upon receiving a number of blows,1,20,Golden Order,Buff,"Given by Gideon Ofnir after beating Mohg, Lord of Blood and asking about the cocoon in the boss arena.Purchasable at Twin Maiden Husks after defeating Maliketh, the Black Blade.",0
Law of Regression,"Incantation of the Golden Order fundamentalists.One of the key fundamentals. Heals all negative statuses, dispels special effects, and reveals mimicry in all its forms. The fundamentalists describe the Golden Order through the powers of regression and causality. Regression is the pull of meaning; that all things yearn eternally to converge. ,",Heals all ailments and dispels all special effects,1,50,Golden Order,Healing,"Purchase from Brother Corhyn or Miriel, Pastor of Vows after giving either the Golden Order Principia for 10,000 Runes.",0
Lightning Fortification,"Incantation of the Two Fingers' faithful. Increases lightning damage negation. This incantation can be cast while in motion. Follow the path that has been set for you, and you will make enemies of all others: the monks, the sorcerers, the ancient dragon knights, and the scions of gold. Heed me the Lands Between offers no welcome to the Tarnished.",Increase lightning damage negation,1,13,Two Fingers,Buff,"Sold by Brother Corhyn for 7,500 Runes after he moves to Altus Plateau.",0
Lightning Spear,"One of the incantations of the capital's ancient dragon cult. Summons a lightning spear and hurls it before the caster.Charging causes a lightning bolt to strike the point of impact.Long ago, Godwyn the Golden defeated the ancient dragon Fortissax, and befriended his fallen foe an event that gave rise to the ancient dragon cult in the capital. NOTE:",Hurls lightning spear before caster,1,28,Dragon Cult,Damage,"Purchase from Brother Corhyn or Miriel, Pastor of Vows after giving either the Dragon Cult Prayerbook for 6,000 Runes.",0
Lightning Strike,"One of the incantations of the capital's ancient dragon cult. Summons a bolt of lightning that scatters and spreads around the surrounding area.This incantation can be cast repeatedly. Ancestors of the modern dragons, the ancient dragons had scales of Gravel Stone and wielded lightning as their weapon. It is said that they once attacked Leyndell, the Royal Capital. NOTE:",Summons lightning bolt that spreads from impact,1,37,Dragon Cult,Damage,Weeping Peninsula: Dropped by a Teardrop Scarab,0
Litany of Proper Death,"One of the incantations of the Golden Order fundamentalists. Used by hunters of Those Who Live in Death. Creates an image of Order, dealing holy damage to nearby foes. This incantation is especially damaging to Those Who Live in Death. Any felled by this incantation cannot be revived. The role of the hunters is to stamp out defiled reason all for the perfection of the Golden Order.",Creates image of Order to deal holy damage,1,28,Golden Order,Damage,"Can be purchased from D, Hunter of The Dead for 2,500 RunesCan be purchased from Twin Maiden Husks at the Roundtable Hold after giving them D's Bell Bearing",0
Lord's Aid,"Incantation bestowed by the Two Fingers upon the Tarnished deemed worthy of becoming a lord. Alleviates buildup of poison, blood loss, and sleep for the caster and nearby allies. Additionally, cures poison. Hold to continue praying and delay activation.",Alleviates poison/ blood loss/ sleep buildup for self/ allies,1,10,Two Fingers,Healing,"Purchase from Brother Corhyn or Miriel, Pastor of Vows after giving either the Two Fingers' Prayerbook for 2,500 Runes.",0
Lord's Divine Fortification,"Incantation taught to Gideon the All-Knowing by the Two Fingers. Greatly increases holy damage negation for the caster and nearby allies. Hold to continue praying and delay activation. Gideon gained true knowledge after his long exchange with the Two Fingers - discovering all had been broken long ago; that the trembling fingers, bent with age, and the Erdtree itself, were no exception.",Greatly increases holy damage negation incl. allies,1,20,Two Fingers,Buff,"Received from Gideon Ofnir after defeating Malenia, Blade of Miquella.Purchasable at Twin Maiden Husks after defeating Maliketh, the Black Blade.",0
Lord's Heal,"Incantation bestowed by the Two Fingers upon the Tarnished deemed worthy of becoming a lord. Heals a massive amount of HP for the caster and nearby allies. Hold to continue praying and delay activation. Tarnished - O, Tarnished! Seek the Erdtree and stand before Marika, its Queen. Become the Elden Lord!",Massively heals HP for self and nearby allies,1,45,Two Fingers,Healing,"Purchase from Brother Corhyn or Miriel, Pastor of Vows after giving either the Two Fingers' Prayerbook for 8,000 Runes.",0
Magic Fortification,"Incantation of the Two Fingers' faithful. Increases magic damage negation.This incantation can be cast while in motion. Follow the path that has been set for you, and you will make enemies of all others: the monks, the sorcerers, the ancient dragon knights, and the scions of gold. Heed me the Lands Between offers no welcome to the Tarnished.",Increases magic damage negation,1,13,Two Fingers,Buff,"Can be purchased from Brother Corhyn for 3,500 Runes.",0
Magma Breath,"One of the incantations of Dragon Communion. Transforms caster into a wyrm to spew magma breath. Allows one follow-up attack. Those who have performed the Dragon Communion will find their humanity slowly slipping away. Once they fully succumb to their fate, they are left no more than wyrms that crawl the earth.",Channels wyrm to spew magma breath,1,40,Dragon Communion,Damage,Can be purchased at the Dragon Communion Altar at the Cathedral of Dragon Communion for 1 Dragon Heart after killing the Magma Wyrm located southwest of the Seethewater Terminus grace in Mt. Gelmir.,0
Noble Presence,"Ancient power of the Godskin Nobles. Thrust out belly with gusto to produce a shockwave that knocks back nearby foes. Charging enhances potency, knocking enemies into the air. Once a sign of the gods' wrath, this incantation became a trophy of the Nobles' god hunt.",Thrust out belly with gusto to unleash repelling shockwave,1,28,Godskin Apostle,Damage,Acquired from defeating the Godskin Noble at the Volcano Manor,0
"O, Flame!","Incantation of the Fire Monks. Momentarily sparks roaring flame from the caster's hand.Charging enhances potency. The Giants' Flame still smolders upon the distant northernmountaintop, and the Fire Monks are its guardians.",Momentarily sparks roaring flame from hand,1,24,Fire Monk,Damage,"Purchase from Brother Corhyn or Miriel, Pastor of Vows after giving the Fire Monks' Prayerbook for 6,000 Runes.",0
Order Healing,"One of the incantations of the Golden Order fundamentalists. Used by hunters of Those Who Live in Death. Alleviates death blight buildup. The noble Goldmask lamented what had become of the hunters. How easy it is for learning and learnedness to be reduced to the ravings of fanatics; all the good and the great wanted, in their foolishness, was an absolute evil to contend with. Does such a notion exist in the fundamentals of Order?",Alleviates death blight buildup,1,10,Golden Order,Healing,Dropped by a Teardrop Scarab found in the Siofra Aqueduct.,0
Order's Blade,One of the incantations of the Golden Order fundamentalists. Used by hunters of Those Who Live in Death. Enchants armament held in the right hand with holy-affinity attacks. This incantation is especially damaging to Those Who Live in Death. Any felled by this incantation cannot be revived. The role of the hunters is to stamp out defiled reason - all for the perfection of the Golden Order.,Enchants right-hand armament with holy damage,1,10,Golden Order,Buff,"Can be purchased from D, Hunter of The Dead for 3,000 Runes.Can be purchased from Twin Maiden Husks at the Roundtable Hold after giving them D's Bell Bearing",0
Pest Threads,"Incantation of the servants of rot. Secretes countless sticky threads, launching them forwards. A technique of the pale pests who crawl through the lands afflicted by scarlet rot; the abandoned children of the goddess. ""Do you have an interest in rot incantations?""",Launches countless sticky threads before caster,1,35,Servants of Rot,Damage,"Can be purchased from Gowry after progressing in Millicent's questline for 7,500 Runes.",0
Placidusax's Ruin,Power gleaned form the remembrance of Dragonlord Placidusax. Transforms caster into the Dragonlord to spew golden breath from above. This incantation can be cast while jumping. These are the dying wails of the Dragonlord who once dwelled eternal beyond time.,Spews golden breath of Dragonlord Placidusax,3,75,No,Damage,Trade Remembrance of the Dragonlord with Enia at Roundtable Hold.,0
Poison Armament,"Incantation of the servants of rot. Enchants armament held in the right hand with poison.This incantation can be cast while in motion. Those who dwell within poison know rot all too well. The death that begets life, that comes to all equally. That is to say: it is the cycle of rebirth put into practice. NOTE:",Enchants right-hand armament with poison,1,10,Servants of Rot,Buff,"Dropped by an invisible scarab beetle on the northeastern shore of the Aeonia Swamp in Caelid, just northwest of Sellia, Town of Sorcery.",0
Poison Mist,"Incantation of the servants of rot. Releases a poisonous mist before the caster.This incantation can be cast while in motion. Those who dwell within poison know rot all too well. The death that begets life, that comes to all equally. That is to say: it is the cycle of rebirth put into practice.",Releases poison mist before caster,1,10,Servants of Rot,Damage,Weeping Peninsula: Dropped by a Teardrop Scarab in a forested area southeast of the Castle Morne Rampart Site of Grace.,0
Protection of the Erdtree,"A superior incantation of Erdtree Worship. Increase damage negation for all affinities except physical, for both the caster and nearby allies.Hold to continue praying and delay activation. In the beginning, everything was in opposition to the Erdtree. But through countless victories in war, it became the embodiment of Order.",Increases affinity damage negation for self & allies,1,50,Erdtree,Buff,"Dropped by an incantation scarab found on a stone platform slightly east of Goldmask's first location, in Altus Plateau.",0
Radagon's Rings of Light,"One of the incantations of the Golden Order fundamentalists. A gift of gratitude to the young Miquella from his father, Radagon. Produces a golden ring of light and fires it across a wide area. Charging enhances range. And yet, the young Miquella abandoned fundamentalism, for it could do nothing to treat Malenia's accursed rot. This was the beginning of unalloyed gold. Notes:",Creates golden ring of light to attack wide area,1,37,Golden Order,Damage,"Purchase from Brother Corhyn or Miriel, Pastor of Vows after giving either the Golden Order Principia for 7,500 Runes.",0
Rejection,"Incantation of the Two Fingers' faithful. Produces a shockwave that knocks back nearby foes. Charging increases the size of the shockwave. Hark, Tarnished! If you truly walk in faith, you must be prepared to reject all else. NOTE:",Produces a shockwave that pushes away foes.,1,24,Two Fingers,Utility,"Can be purchased from Brother Corhyn at the Roundtable Hold for 1,500 Runes.",0
Rotten Breath,One of the incantations of Dragon Communion. Transforms caster into a dragon to spew scarlet rot breath.Charging extends duration. Those extraordinary individuals who perpetuate DragonCommunion are called the dragon-hearted. NOTE,Channels dragon to spew scarlet rot breath,1,48,Dragon Communion,Damage,Can be purchased at the Dragon Communion Altar at the Cathedral of Dragon Communion for 1 Dragon Heart,0
Scarlet Aeonia,"Technique of Malenia, the Goddess of Rot. Creates a gigantic flower that blooms into an explosion of scarlet rot. Each time the scarlet flower blooms, Malenia's rot advances. It has bloomed twice already. With the third bloom, she will become a rue goddess.",Creates a giant flower that explodes with scarlet rot,3,50,Servants of Rot,Damage,Trade Remembrance of the Rot Goddess with Enia at Roundtable Hold.,0
Scouring Black Flame,"A black flame incantation of the Godskin Apostles.Sweeps a wide area before the caster with black flame.Charging enhances range.The black flame could once slay gods. But when Maliketh sealed Destined Death, the true power of the black flame was lost. Notes:",Sweeps area before caster with black flame,1,36,Godslayer,Damage,Dropped by Godskin Apostle.,0
Shadow Bait,"Incantation of the Two Fingers' servants, who once served as the assassins of the Roundtable Hold. Creates a pale gold shadow before the caster, luring foes of human build and attracting their aggression. This incantation can be cast while in motion or crouching, and will still affect foes that are already in a combat state. It is said that those beguiled by the shadow see within it a hated foe. (this list is not exhaustive, feel free to contribute)",Creates shadow that lures the aggression of foes of human build,1,14,Two Fingers,Utility,"Can be found on a corpse at Subterranean Shunning-Grounds, after going through the pipe room to a room with the corpse sitting at the center, next to a not very well hidden Ogre ready to strike.",0
Smarag's Glintstone Breath,"Superior incantation of Dragon Communion. Channels the power of Smarag, the Glintstone Dragon. Transforms caster into a dragon to spew magic breath from above. Charging extends duration. This incantation can be used while jumping. Smarag was a devourer of sorcerers, and over time, his body became corrupted by their glintstones.",Spews magic breath of Glintstone Dragon Smarag from above,1,60,Dragon Communion,Damage,Can be purchased at the Dragon Communion Altar at the Cathedral of Dragon Communion in Caelid for 2 Dragon Hearts. Glintstone Dragon Smarag must first be defeated in order to unlock this Incantation.,0
Stone of Gurranq,"Superior incantation taught by Gurranq, the Beast Clergyman. Hurls a boulder before the caster. This incantation can be cast repeatedly. Long ago, Gurranq was a beast of such terrifying ferocity that his former name meant ""Death of the Demigods."" Note:",Hurls a boulder before the caster,1,37,Bestial,Damage,"Bestial Sanctum: Reward from Gurranq, Beast Clergyman after giving him the sixth Deathroot. Map Link.",0
"Surge, O Flame!","Superior incantation of the Fire Monks. Creates a stream of fire to burn the area before the caster.This incantation can be cast while in motion. Hold to maintainthe effect. The Giants' Flame is the flame of ruin, capable of burning theErdtree. And so, following the War against the Giants, its ruinousblaze was sealed, and guardians were appointed to watch over it.",Incinerates area before caster with stream of fire,1,2,Fire Monk,Damage,"Purchase from Brother Corhyn or Miriel, Pastor of Vows after giving either the Fire Monks' Prayerbook for 5,500 Runes.",0
Swarm of Flies,"A Blood Oath incantation, shared from the Lord of Blood's power. Releases a swarm of bloodflies before the caster to assault foes. The vile swarm deals damage and builds up onset of blood loss. This incantation can be cast while in motion. The new palace of the Lord of Blood lies in a swamp of festering blood, and these flies are said to spawn from excrement in that land.",Releases a swarm of bloodflies before caster,1,24,Blood,Damage,"Found on a corpse along the east wall of the Mohgwyn Palace blood marsh, directly north from the Palace Approach Ledge-Road Site of Grace.",0
The Flame of Frenzy,"Incantation originating from the maddening Three Fingers. Causes the yellow flame of frenzy to burst forth from the caster's eyes. Charging increases the range of the burst. The flame of frenzy deals damage and causes buildup of madness. This incantation also causes buildup of madness in the caster, and is only effective against Tarnished.",Emits burst of yellow flame of frenzy from eyes,1,30,Frenzied Flame,Damage,Callu Baptismal Church in the Weeping Peninsula. Found on a corpse by a pillar on the left side of the church. [Map Link],0
Theodorix's Magma,Superior incantation of Dragon Communion. Channels the power of the great wyrm Theodorix. Transforms caster into a great wyrm to spew a large volume of magma breath. Allows one follow-up attack. The name of the ancient troll warrior Theodorix lives on as a hero of the War against the Giants.,Spews magma breath of Theodorix from above,1,60,Dragon Communion,Damage,Dropped by Great Wyrm Theodorix,0
Triple Rings of Light,"One of the incantations of the Golden Order fundamentalists. Produces three rings of light and fires them forwards. The rings of light return to a position close to the caster before disappearing. This incantation can be cast repeatedly. A gift from the young Miquella to his father, Radagon.",Fire three rings of light before the caster,1,28,Golden Order,Damage,"Elphael, Brace of The Haligtree: From the Prayer Room grace, head out onto the northeastern walkway and drop down one level by using the roofs on the right. There is a sealed treasure room just under the Prayer Room that requires one Stonesword Key to unlock. The chest containing the spell is inside.",0
Unendurable Frenzy,Incantation originating from the maddening Three Fingers. Causes the yellow flame of frenzy to violently burst forth from the caster's eyes. Hold to continue channeling the flame. This incantation can be used while in motion. It is the maddening pain and unstoppable tears of those afflicted with the flame of frenzy brought into being. Note:,Emits violent burst of yellow flame of frenzy from eyes,1,40,Frenzied Flame,Damage,Yelough Anix Ruins: Found in a chest in an underground treasure room in the central section of the ruins. Its entrance is in a door-less building that you must jump to from the larger ruined church building.,0
Urgent Heal,"Incantation of the Two Fingers' faithful. Heals a small amount of HP. This incantation can be cast while in motion. The Two Fingers has high hopes for the Tarnished; that even if they should be wounded, even should they fall, they will continue to fight for their duty.",Heals a small amount of HP,1,30,Two Fingers,Healing,"Starting equipment for the Confessor ClassPurchased from Brother Corhyn for 1,000 Runes.",0
Vyke's Dragonbolt,"Incantation of Vyke, knight of the Roundtable Hold. Summons red lightning to bolster both the caster's body and their armament held in the right hand. Enchants armaments with lightning-affinity attacks and increases maximum equipment load. However, lightning damage negation will be reduced. Of all the knights, Vyke the Dragonspear was the one Lansseax loved the most.",Bolsters right-hand armament & body with red lightning,1,20,Dragon Cult,Buff,"Received after defeating Vyke, Knight of the roundtable at Lord Contender's Evergaol.",0
"Whirl, O Flame!",Superior Incantation of the Fire Monks. Creates a spiraling stream of fire that burns the area before the caster. Charging enhances potency and reach. Fire beguiles those who gaze into it. And so the guardians of the flame are also its worshippers. Note:,Sweeps area before caster with stream of fire,1,26,Fire Monk,Damage,Dropped from a Teardrop Scarab on the road between Rotview Balcony and Caelem Ruins next to the wagon.,0
Wrath of Gold,"Superior Erdtree Worship incantation.Produces a golden shockwave that knocks back nearby foes.Charging increases the size of the shockwave.This incantation was discovered when the Elden Ring was shattered, and it was feared as a sign of the Erdtree's wrath. NOTE:",Produces golden shockwave that knocks back foes,1,44,Erdtree,Damage,"Found at Woodfolk Ruins. Among the enemies, there is a staircase that goes down and leads to a chest that contains this incantation. [Map Link]",0
